timestamp,open,high,low,close,volume,date,returns,volatility,spread_proxy
1718631000,213.3699951171875,218.9499969482422,212.72000122070312,216.6699981689453,93728300,2024-06-17 13:30:00,,,0.028753384318032406
1718717400,217.58999633789062,218.6300048828125,213.0,214.2899932861328,79943300,2024-06-18 13:30:00,-0.010984469021671939,,0.026272831486326014
1718890200,213.92999267578125,214.24000549316406,208.85000610351562,209.67999267578125,86172500,2024-06-20 13:30:00,-0.021512906597537684,,0.025705835453660814
1718976600,210.38999938964844,211.88999938964844,207.11000061035156,207.49000549316406,246421400,2024-06-21 13:30:00,-0.010444426073609514,,0.02303724831437414
1719235800,207.72000122070312,212.6999969482422,206.58999633789062,208.13999938964844,80727000,2024-06-24 13:30:00,0.00313265159417897,,0.02935524468275479
1719322200,209.14999389648438,211.3800048828125,208.61000061035156,209.07000732421875,56713900,2024-06-25 13:30:00,0.004468184574312861,,0.01324917097345918
1719408600,211.5,214.86000061035156,210.63999938964844,213.25,66213200,2024-06-26 13:30:00,0.01999326794540668,,0.019788985794621922
1719495000,214.69000244140625,215.74000549316406,212.35000610351562,214.10000610351562,49772700,2024-06-27 13:30:00,0.003985960626099017,,0.015833719257389467
1719581400,215.77000427246094,216.07000732421875,210.3000030517578,210.6199951171875,82542700,2024-06-28 13:30:00,-0.016254137725925877,,0.02739533000772575
1719840600,212.08999633789062,217.50999450683594,211.9199981689453,216.75,60402900,2024-07-01 13:30:00,0.029104572333703782,,0.025790063842632643
1719927000,216.14999389648438,220.3800048828125,215.10000610351562,220.27000427246094,58046200,2024-07-02 13:30:00,0.016239927439266166,,0.023970575552201966
1720013400,220.0,221.5500030517578,219.02999877929688,221.5500030517578,37369800,2024-07-03 13:30:00,0.0058110444203451905,,0.011374426710670016
1720186200,221.64999389648438,226.4499969482422,221.64999389648438,226.33999633789062,60412400,2024-07-05 13:30:00,0.021620371113304726,,0.021207047492358133
1720445400,227.08999633789062,227.85000610351562,223.25,227.82000732421875,59085900,2024-07-08 13:30:00,0.006538884025246272,,0.020191405300804828
1720531800,227.92999267578125,229.39999389648438,226.3699951171875,228.67999267578125,48076100,2024-07-09 13:30:00,0.00377484559702701,,0.01324995135710345
1720618200,229.3000030517578,233.0800018310547,229.25,232.97999572753906,62627700,2024-07-10 13:30:00,0.018803582252402418,,0.01643918748944319
1720704600,231.38999938964844,232.38999938964844,225.77000427246094,227.57000732421875,64710600,2024-07-11 13:30:00,-0.023220827978926883,,0.029089927952394887
1720791000,228.9199981689453,232.63999938964844,228.67999267578125,230.5399932861328,53046500,2024-07-12 13:30:00,0.013050867277438316,,0.01717709217138849
1721050200,236.47999572753906,237.22999572753906,233.08999633789062,234.39999389648438,62631300,2024-07-15 13:30:00,0.01674330147811176,,0.017662113896968538
1721136600,235.0,236.27000427246094,232.3300018310547,234.82000732421875,43234300,2024-07-16 13:30:00,0.0017918662059346335,,0.01677881917432292
1721223000,229.4499969482422,231.4600067138672,226.63999938964844,228.8800048828125,57345900,2024-07-17 13:30:00,-0.025295980990260425,0.016048087047566592,0.021059101806147784
1721309400,230.27999877929688,230.44000244140625,222.27000427246094,224.17999267578125,66034600,2024-07-18 13:30:00,-0.020534830945314275,0.016614054243052918,0.036443922008513555
1721395800,224.82000732421875,226.8000030517578,223.27999877929688,224.30999755859375,49151500,2024-07-19 13:30:00,0.0005799129586043783,0.0156474991537773,0.015692587538553425
1721655000,227.00999450683594,227.77999877929688,223.08999633789062,223.9600067138672,48201800,2024-07-22 13:30:00,-0.0015602998017738567,0.015354327656479627,0.020941249780360244
1721741400,224.3699951171875,226.94000244140625,222.67999267578125,225.00999450683594,39960300,2024-07-23 13:30:00,0.004688282557118395,0.015353969945674279,0.018932535752297787
1721827800,224.0,224.8000030517578,217.1300048828125,218.5399932861328,61777600,2024-07-24 13:30:00,-0.02875428371474653,0.01701032671856622,0.03509654253033238
1721914200,218.92999267578125,220.85000610351562,214.6199951171875,217.49000549316406,51391200,2024-07-25 13:30:00,-0.004804556718339459,0.0165546827880826,0.028645044962877342
1722000600,218.6999969482422,219.49000549316406,216.00999450683594,217.9600067138672,41601300,2024-07-26 13:30:00,0.002161024455525684,0.016543053409339273,0.01596628224964501
1722259800,216.9600067138672,219.3000030517578,215.75,218.24000549316406,36311800,2024-07-29 13:30:00,0.0012846337432190769,0.01603602345409203,0.016266509175234645
1722346200,219.19000244140625,220.3300018310547,216.1199951171875,218.8000030517578,41643800,2024-07-30 13:30:00,0.0025659711533103646,0.014709692626425998,0.019241346687144688
1722432600,221.44000244140625,223.82000732421875,220.6300048828125,222.0800018310547,50036300,2024-07-31 13:30:00,0.014990853444005525,0.014642175787387024,0.014364203958504174
1722519000,224.3699951171875,224.47999572753906,217.02000427246094,218.36000061035156,62501000,2024-08-01 13:30:00,-0.016750725819666967,0.015075129456264722,0.034163727029795934
1722605400,219.14999389648438,225.60000610351562,217.7100067138672,219.86000061035156,105568600,2024-08-02 13:30:00,0.006869389978967133,0.014269245245135209,0.03588647033450866
1722864600,199.08999633789062,213.5,196.0,209.27000427246094,119548600,2024-08-05 13:30:00,-0.0481669985831521,0.017544153052376738,0.08362402467013724
1722951000,205.3000030517578,209.99000549316406,201.07000732421875,207.22999572753906,69660500,2024-08-06 13:30:00,-0.009748212850733573,0.017485612753415567,0.04304395286806408
1723037400,206.89999389648438,213.63999938964844,206.38999938964844,209.82000732421875,63516400,2024-08-07 13:30:00,0.01249824663455068,0.01709068033531154,0.0345534255405736
1723123800,213.11000061035156,214.1999969482422,208.8300018310547,213.30999755859375,47161100,2024-08-08 13:30:00,0.016633257613904107,0.017187424306101852,0.025174605872434204
1723210200,212.10000610351562,216.77999877929688,211.97000122070312,216.24000549316406,42201600,2024-08-09 13:30:00,0.013735914716165532,0.01722192760539461,0.02224379132632702
1723469400,216.07000732421875,219.50999450683594,215.60000610351562,217.52999877929688,38028100,2024-08-12 13:30:00,0.005965562584919537,0.016731501475368688,0.017974479038577736
1723555800,219.00999450683594,221.88999938964844,219.00999450683594,221.27000427246094,44155300,2024-08-13 13:30:00,0.017193056195245138,0.017335860770083002,0.013015794401423721
1723642200,220.57000732421875,223.02999877929688,219.6999969482422,221.72000122070312,41960600,2024-08-14 13:30:00,0.002033700635211577,0.016529540500609074,0.015018950986473963
1723728600,224.60000610351562,225.35000610351562,222.75999450683594,224.72000122070312,46414000,2024-08-15 13:30:00,0.01353057903429189,0.016212181861961997,0.011525505440594816
1723815000,223.9199981689453,226.8300018310547,223.64999389648438,226.0500030517578,44340200,2024-08-16 13:30:00,0.0059184844421056315,0.01626182003702746,0.01406771905170998
1724074200,225.72000122070312,225.99000549316406,223.0399932861328,225.88999938964844,40687800,2024-08-19 13:30:00,-0.0007078241979617816,0.01625721296703008,0.013059507791412373
1724160600,225.77000427246094,227.1699981689453,225.4499969482422,226.50999450683594,30299000,2024-08-20 13:30:00,0.0027446771387078517,0.016237013179546064,0.007593489304734483
1724247000,226.52000427246094,227.97999572753906,225.0500030517578,226.39999389648438,34765500,2024-08-21 13:30:00,-0.00048563247988708813,0.014719582112288099,0.012941664111178882
1724333400,227.7899932861328,228.33999633789062,223.89999389648438,224.52999877929688,43695300,2024-08-22 13:30:00,-0.008259695969967673,0.014821998590794557,0.019774651340779534
1724419800,225.66000366210938,228.22000122070312,224.3300018310547,226.83999633789062,38677300,2024-08-23 13:30:00,0.010288146667049025,0.01494617945732662,0.017148648617742304
1724679000,226.75999450683594,227.27999877929688,223.88999938964844,227.17999267578125,30602200,2024-08-26 13:30:00,0.0014988376978466444,0.014945636134294763,0.014922086006431287
1724765400,226.0,228.85000610351562,224.88999938964844,228.02999877929688,35934600,2024-08-27 13:30:00,0.0037415535298863656,0.014949804358971168,0.017366165570609656
1724851800,227.9199981689453,229.86000061035156,225.67999267578125,226.49000549316406,38052200,2024-08-28 13:30:00,-0.006753467940081581,0.01475825799908267,0.01845559553706874
1724938200,230.10000610351562,232.9199981689453,228.8800048828125,229.7899932861328,51906300,2024-08-29 13:30:00,0.014570125448949867,0.014423584759483913,0.017581241151359634
1725024600,230.19000244140625,230.39999389648438,227.47999572753906,229.0,52990800,2024-08-30 13:30:00,-0.0034378924636161434,0.01444919610250409,0.01275108370718477
1725370200,228.5500030517578,229.0,221.1699981689453,222.77000427246094,50190600,2024-09-03 13:30:00,-0.027205221517637823,0.010942914314696782,0.03514836683972107
1725456600,221.66000366210938,221.77999877929688,217.47999572753906,220.85000610351562,43840200,2024-09-04 13:30:00,-0.00861874638471094,0.01087534785527163,0.019470241942136684
1725543000,221.6300048828125,225.47999572753906,221.52000427246094,222.3800048828125,36615400,2024-09-05 13:30:00,0.006927773316790065,0.010695720404570085,0.0178073179608253
1725629400,223.9499969482422,225.24000549316406,219.77000427246094,220.82000732421875,48423000,2024-09-06 13:30:00,-0.007015008203708928,0.010408545895993163,0.02477131165325885
1725888600,220.82000732421875,221.27000427246094,216.7100067138672,220.91000366210938,67180000,2024-09-09 13:30:00,0.00040755518026269755,0.010022508106379632,0.020641878968815044
1725975000,218.9199981689453,221.47999572753906,216.72999572753906,220.11000061035156,51591000,2024-09-10 13:30:00,-0.0036213980285901837,0.010007649118867019,0.021580118971553045
1726061400,221.4600067138672,223.08999633789062,217.88999938964844,222.66000366210938,44587100,2024-09-11 13:30:00,0.011585130365211915,0.009589191508028313,0.02335397854449548
1726147800,222.5,223.5500030517578,219.82000732421875,222.77000427246094,37498200,2024-09-12 13:30:00,0.0004940295003250661,0.009581199964869088,0.016743707213728184
1726234200,223.5800018310547,224.0399932861328,221.91000366210938,222.5,36766600,2024-09-13 13:30:00,-0.001212031545013148,0.009061115603775882,0.009572987074262641
1726493400,216.5399932861328,217.22000122070312,213.9199981689453,216.32000732421875,59357400,2024-09-16 13:30:00,-0.027775247981039364,0.010782165963439182,0.015255191105886906
1726579800,215.75,216.89999389648438,214.5,216.7899932861328,45519300,2024-09-17 13:30:00,0.0021726421320320544,0.010821493587018897,0.011070593527426863
1726666200,217.5500030517578,222.7100067138672,217.5399932861328,220.69000244140625,59894900,2024-09-18 13:30:00,0.017989802463465043,0.011676289450428735,0.02342658648122054
1726752600,224.99000549316406,229.82000732421875,224.6300048828125,228.8699951171875,66781300,2024-09-19 13:30:00,0.03706553348719566,0.0144846136601102,0.02267663980483257
1726839000,229.97000122070312,233.08999633789062,227.6199951171875,228.1999969482422,318679900,2024-09-20 13:30:00,-0.002927418111763669,0.014360681389872083,0.023970207247389973
1727098200,227.33999633789062,229.4499969482422,225.80999755859375,226.47000122070312,54146000,2024-09-23 13:30:00,-0.007581050616453089,0.014302174864788608,0.0160727662384791
1727184600,228.64999389648438,229.35000610351562,225.72999572753906,227.3699951171875,43556100,2024-09-24 13:30:00,0.0039740093241191765,0.014326376496292374,0.015921231709183057
1727271000,224.92999267578125,227.2899932861328,224.02000427246094,226.3699951171875,42308700,2024-09-25 13:30:00,-0.004398117700115112,0.014334263490357664,0.014445328816564506
1727357400,227.3000030517578,228.5,225.41000366210938,227.52000427246094,36636700,2024-09-26 13:30:00,0.005080219022305155,0.014296650780283382,0.013581207277889624
1727443800,228.4600067138672,229.52000427246094,227.3000030517578,227.7899932861328,34026000,2024-09-27 13:30:00,0.0011866605511687833,0.013902516572086934,0.009745824163199851
1727703000,230.0399932861328,233.0,229.64999389648438,233.0,54541900,2024-09-30 13:30:00,0.02287197360475246,0.01480965882078447,0.014377708598779506
1727789400,229.52000427246094,229.64999389648438,223.74000549316406,226.2100067138672,63285000,2024-10-01 13:30:00,-0.029141602086406926,0.015008545107045199,0.026126113911467456
1727875800,225.88999938964844,227.3699951171875,223.02000427246094,226.77999877929688,32880600,2024-10-02 13:30:00,0.002519747352073054,0.014843538518621125,0.019181545410272224
1727962200,225.13999938964844,226.80999755859375,223.32000732421875,225.6699981689453,34044200,2024-10-03 13:30:00,-0.004894614235498862,0.01484848504818126,0.015465016451864629
1728048600,227.89999389648438,228.0,224.1300048828125,226.8000030517578,37245100,2024-10-04 13:30:00,0.005007333238716605,0.014756861739442642,0.017063470304735102
1728307800,224.5,225.69000244140625,221.3300018310547,221.69000244140625,39505400,2024-10-07 13:30:00,-0.022530866585506182,0.015702446308939716,0.019667105247580717
1728394200,224.3000030517578,225.97999572753906,223.25,225.77000427246094,31855700,2024-10-08 13:30:00,0.01840408582309916,0.01617859530569122,0.012091932833754492
1728480600,225.22999572753906,229.75,224.8300018310547,229.5399932861328,33591100,2024-10-09 13:30:00,0.016698360908574017,0.016387164134276554,0.021434165343083785
1728567000,227.77999877929688,229.5,227.1699981689453,229.0399932861328,28183500,2024-10-10 13:30:00,-0.0021782696463562568,0.01640796831776363,0.010172903856768306
1728653400,229.3000030517578,229.41000366210938,227.33999633789062,227.5500030517578,31759200,2024-10-11 13:30:00,-0.006505371454991304,0.016496749656431133,0.009096933845120243
1728912600,228.6999969482422,231.72999572753906,228.60000610351562,231.3000030517578,39882100,2024-10-14 13:30:00,0.01647989430765695,0.015324736948357974,0.013532164214122566
1728999000,233.61000061035156,237.49000549316406,232.3699951171875,233.85000610351562,64751400,2024-10-15 13:30:00,0.011024656368842312,0.015413033164109297,0.021894420536000107
1729085400,231.60000610351562,232.1199951171875,229.83999633789062,231.77999877929688,34082200,2024-10-16 13:30:00,-0.008851859184055066,0.015290387395015634,0.009836909100460872
1729171800,233.42999267578125,233.85000610351562,230.52000427246094,232.14999389648438,32993800,2024-10-17 13:30:00,0.001596320300009113,0.012957182488343738,0.01434418228991871
1729258200,236.17999267578125,236.17999267578125,234.00999450683594,235.0,46431500,2024-10-18 13:30:00,0.01227657195109133,0.01317173053924378,0.009234034761469416
1729517400,234.4499969482422,236.85000610351562,234.4499969482422,236.47999572753906,36254500,2024-10-21 13:30:00,0.006297854159740712,0.013030080994716423,0.010148888695171549
1729603800,233.88999938964844,236.22000122070312,232.60000610351562,235.86000061035156,38846600,2024-10-22 13:30:00,-0.002621765597043635,0.013067454810445429,0.015348067106842124
1729690200,234.0800018310547,235.13999938964844,227.75999450683594,230.75999450683594,52287000,2024-10-23 13:30:00,-0.021623022514703605,0.014037157169578896,0.0319813011721747
1729776600,229.97999572753906,230.82000732421875,228.41000366210938,230.57000732421875,31109500,2024-10-24 13:30:00,-0.0008233107433687215,0.014010099263248808,0.010452372752543309
1729863000,229.74000549316406,233.22000122070312,229.57000732421875,231.41000366210938,38802300,2024-10-25 13:30:00,0.0036431292501519774,0.014024799845658947,0.015772844037519964
1730122200,233.32000732421875,234.72999572753906,232.5500030517578,233.39999389648438,36087100,2024-10-28 13:30:00,0.008599413175243154,0.013184984734868574,0.009340157381272692
1730208600,233.10000610351562,234.3300018310547,232.32000732421875,233.6699981689453,35417200,2024-10-29 13:30:00,0.0011568306749001334,0.011236705207946748,0.008601850997502448
1730295000,232.61000061035156,233.47000122070312,229.5500030517578,230.10000610351562,47070900,2024-10-30 13:30:00,-0.015277922255336196,0.011854755043833827,0.017036062863821977
1730381400,229.33999633789062,229.8300018310547,225.3699951171875,225.91000366210938,64370100,2024-10-31 13:30:00,-0.01820948426885871,0.012544811303231004,0.0197424046813702
1730467800,220.97000122070312,225.35000610351562,220.27000427246094,222.91000366210938,65276700,2024-11-01 13:30:00,-0.013279624414008095,0.012833578683757898,0.022789474440792875
1730730600,220.99000549316406,222.7899932861328,219.7100067138672,222.00999450683594,44944500,2024-11-04 14:30:00,-0.004037544930633463,0.011809798270789226,0.013873188813446815
1730817000,221.8000030517578,223.9499969482422,221.13999938964844,223.4499969482422,28111300,2024-11-05 14:30:00,0.006486205472888695,0.011120190393642627,0.012575509496402593
1730903400,222.61000061035156,226.07000732421875,221.19000244140625,222.72000122070312,54561100,2024-11-06 14:30:00,-0.0032669310248778505,0.010369882676926541,0.021910941343685996
1730989800,224.6300048828125,227.8800048828125,224.57000732421875,227.47999572753906,42137700,2024-11-07 14:30:00,0.02137210165565251,0.011553105831180525,0.014550719275369833
1731076200,227.1699981689453,228.66000366210938,226.41000366210938,226.9600067138672,38328800,2024-11-08 14:30:00,-0.0022858669924307184,0.011471643815226563,0.009913640876987715
1731335400,225.0,225.6999969482422,221.5,224.22999572753906,42005600,2024-11-11 14:30:00,-0.01202859933719469,0.011071548760794307,0.018730754262447503
1731421800,224.5500030517578,225.58999633789062,223.36000061035156,224.22999572753906,40398300,2024-11-12 14:30:00,0.0,0.010683170994541196,0.009945126744990537
1731508200,224.00999450683594,226.64999389648438,222.75999450683594,225.1199951171875,48566200,2024-11-13 14:30:00,0.003969136184303723,0.010637722035881496,0.017279670726820493
1731594600,225.02000427246094,228.8699951171875,225.0,228.22000122070312,44923900,2024-11-14 14:30:00,0.013770460957508002,0.011154146579889938,0.016957300396493166
1731681000,226.39999389648438,226.9199981689453,224.27000427246094,225.0,47923700,2024-11-15 14:30:00,-0.014109198157391867,0.011087030570358657,0.011777750651041667
1731940200,225.25,229.74000549316406,225.1699981689453,228.02000427246094,44686000,2024-11-18 14:30:00,0.013422241210937491,0.011479024110512638,0.02004213331545267
1732026600,226.97999572753906,230.16000366210938,226.66000366210938,228.27999877929688,36211800,2024-11-19 14:30:00,0.0011402267431117608,0.011494922864096728,0.015332048443647623
1732113000,228.05999755859375,229.92999267578125,225.88999938964844,229.0,35169600,2024-11-20 14:30:00,0.0031540267415159917,0.010513110097519962,0.017641892079182587
1732199400,228.8800048828125,230.16000366210938,225.7100067138672,228.52000427246094,42108300,2024-11-21 14:30:00,-0.002096051211960992,0.010520101518020145,0.019473117736058344
1732285800,228.05999755859375,230.72000122070312,228.05999755859375,229.8699951171875,38168300,2024-11-22 14:30:00,0.005907539031537068,0.010577862209984433,0.011571774127168305
1732545000,231.4600067138672,233.25,229.74000549316406,232.8699951171875,90152800,2024-11-25 14:30:00,0.013050855108212911,0.010818636375698692,0.01507276411917988
1732631400,233.3300018310547,235.57000732421875,233.3300018310547,235.05999755859375,45986200,2024-11-26 14:30:00,0.009404399395912533,0.011022647393010569,0.009529505302601278
1732717800,234.47000122070312,235.69000244140625,233.80999755859375,234.92999267578125,33498400,2024-11-27 14:30:00,-0.000553071063399857,0.010397601664873338,0.008002404722359267
1732890600,234.80999755859375,237.80999755859375,233.97000122070312,237.3300018310547,28481400,2024-11-29 14:30:00,0.01021584825308186,0.009526894243893936,0.01617998697284028
1733149800,237.27000427246094,240.7899932861328,237.16000366210938,239.58999633789062,48137100,2024-12-02 14:30:00,0.009522582435425697,0.008880069843051456,0.015150839682405232
1733236200,239.80999755859375,242.75999450683594,238.89999389648438,242.64999389648438,38861000,2024-12-03 14:30:00,0.01277180852859261,0.008909409609018929,0.015907688882935877
1733322600,242.8699951171875,244.11000061035156,241.25,243.00999450683594,44383900,2024-12-04 14:30:00,0.0014836209330593153,0.008920703499347392,0.011769065779190041
1733409000,243.99000549316406,244.5399932861328,242.1300048828125,243.0399932861328,40033900,2024-12-05 14:30:00,0.00012344668933361724,0.008801919741764438,0.009916015758291333
1733495400,242.91000366210938,244.6300048828125,242.0800018310547,242.83999633789062,36870600,2024-12-06 14:30:00,-0.0008228972752098995,0.00790443001082801,0.010500753954096203
1733754600,241.8300018310547,247.24000549316406,241.75,246.75,44649200,2024-12-09 14:30:00,0.01610115187396466,0.008280634465175898,0.022249262383643616
1733841000,246.88999938964844,248.2100067138672,245.33999633789062,247.77000427246094,36914800,2024-12-10 14:30:00,0.004133755916761572,0.0073473737407631174,0.011583364921044066
1733927400,247.9600067138672,250.8000030517578,246.25999450683594,246.49000549316406,45205800,2024-12-11 14:30:00,-0.005166076430661581,0.007619274545017197,0.01841863135926533
1734013800,246.88999938964844,248.74000549316406,245.67999267578125,247.9600067138672,32777500,2024-12-12 14:30:00,0.005963735599591624,0.0076212773464105175,0.012340751470110687
1734100200,247.82000732421875,249.2899932861328,246.24000549316406,248.1300048828125,33155300,2024-12-13 14:30:00,0.0006855870476785153,0.0073747363654632055,0.012291894301171703
1734359400,247.99000549316406,251.3800048828125,247.64999389648438,251.0399932861328,51694800,2024-12-16 14:30:00,0.011727676403724852,0.00615821326805748,0.014858234090520775
1734445800,250.0800018310547,253.8300018310547,249.77999877929688,253.47999572753906,51356400,2024-12-17 14:30:00,0.009719576588042456,0.005960257644363179,0.015977604229215334
1734532200,252.16000366210938,254.27999877929688,247.74000549316406,248.0500030517578,56774100,2024-12-18 14:30:00,-0.021421779893107784,0.008420906535588309,0.02636562469530865
1734618600,247.5,252.0,247.08999633789062,249.7899932861328,60882300,2024-12-19 14:30:00,0.007014675319362729,0.008440008636798587,0.019656526658716058
1734705000,248.0399932861328,255.0,245.69000244140625,254.49000549316406,147495300,2024-12-20 14:30:00,0.018815854651340613,0.008878366672875112,0.036582959478319584
1734964200,254.77000427246094,255.64999389648438,253.4499969482422,255.27000427246094,40858800,2024-12-23 14:30:00,0.0030649485734630666,0.008893126156487689,0.008618313595098442
1735050600,255.49000549316406,258.2099914550781,255.2899932861328,258.20001220703125,23234700,2024-12-24 14:30:00,0.011478073747524853,0.00882761659769038,0.011309055115783591
1735223400,258.19000244140625,260.1000061035156,257.6300048828125,259.0199890136719,27237100,2024-12-26 14:30:00,0.003175742710589624,0.008781721682189034,0.009535948287654165
1735309800,257.8299865722656,258.70001220703125,253.05999755859375,255.58999633789062,42355300,2024-12-27 14:30:00,-0.013242192962953925,0.009615366109085434,0.02206664865310842
1735569000,252.22999572753906,253.5,250.75,252.1999969482422,35557500,2024-12-30 14:30:00,-0.013263427513676485,0.010262413232888437,0.010904044541143946
1735655400,252.44000244140625,253.27999877929688,249.42999267578125,250.4199981689453,39480700,2024-12-31 14:30:00,-0.007057885808230857,0.010384681174847327,0.015374195877592119
1735828200,248.92999267578125,249.10000610351562,241.82000732421875,243.85000610351562,55740700,2025-01-02 14:30:00,-0.026235892155055618,0.011864944561689744,0.02985441294681156
1735914600,243.36000061035156,244.17999267578125,241.88999938964844,243.36000061035156,40244100,2025-01-03 14:30:00,-0.0020094545044057055,0.011872526496952808,0.009409900067346587
1736173800,244.30999755859375,247.3300018310547,243.1999969482422,245.0,45045600,2025-01-06 14:30:00,0.006738984983297502,0.011963868983618103,0.016857162786989795
1736260200,242.97999572753906,245.5500030517578,241.35000610351562,242.2100067138672,40856000,2025-01-07 14:30:00,-0.011387727698501271,0.012253683799561255,0.017340311431491843
1736346600,241.9199981689453,243.7100067138672,240.0500030517578,242.6999969482422,37628900,2025-01-08 14:30:00,0.0020229974847978394,0.011666864068650475,0.015080361384964918
1736519400,240.00999450683594,240.16000366210938,233.0,236.85000610351562,61710900,2025-01-10 14:30:00,-0.024103794471716178,0.012705559541286228,0.030230118123704356
1736778600,233.52999877929688,234.6699981689453,229.72000122070312,234.39999389648438,49630700,2025-01-13 14:30:00,-0.010344150913639716,0.012821962342222087,0.021117734970710806
1736865000,234.75,236.1199951171875,232.47000122070312,233.27999877929688,39435300,2025-01-14 14:30:00,-0.004778136289893098,0.01267587516894686,0.015646407388477338
1736951400,234.63999938964844,238.9600067138672,234.42999267578125,237.8699951171875,39832000,2025-01-15 14:30:00,0.019675910330543056,0.013638801750135687,0.019044075045506308
1737037800,237.35000610351562,238.00999450683594,228.02999877929688,228.25999450683594,71759100,2025-01-16 14:30:00,-0.040400222002010655,0.015698551994791077,0.04372205365684516
1737124200,232.1199951171875,232.2899932861328,228.47999572753906,229.97999572753906,68488300,2025-01-17 14:30:00,0.007535272330218223,0.015600783832965766,0.01656664766229283
1737469800,224.0,224.4199981689453,219.3800048828125,222.63999938964844,98070400,2025-01-21 14:30:00,-0.031915803436166845,0.016349992101346893,0.022637411516122852
1737556200,219.7899932861328,224.1199951171875,219.7899932861328,223.8300018310547,64126500,2025-01-22 14:30:00,0.00534496247156202,0.016288158535054584,0.01934504666770696
1737642600,224.74000549316406,227.02999877929688,222.3000030517578,223.66000366210938,60234800,2025-01-23 14:30:00,-0.0007594967946863429,0.015319278885336653,0.021148151882733692
1737729000,224.77999877929688,225.6300048828125,221.41000366210938,222.77999877929688,54697900,2025-01-24 14:30:00,-0.003934565270516388,0.015172770422915814,0.018942460022561475
1737988200,224.02000427246094,232.14999389648438,223.97999572753906,229.86000061035156,94863400,2025-01-27 14:30:00,0.03178024001189028,0.017017992353558293,0.03554336616745568
1738074600,230.85000610351562,240.19000244140625,230.80999755859375,238.25999450683594,75707600,2025-01-28 14:30:00,0.036543956643956044,0.01939875595667437,0.039368778221571636
1738161000,234.1199951171875,239.86000061035156,234.00999450683594,239.36000061035156,45486100,2025-01-29 14:30:00,0.004616830894303092,0.0193614280796997,0.024440199233783887
1738247400,238.6699981689453,240.7899932861328,237.2100067138672,237.58999633789062,55658300,2025-01-30 14:30:00,-0.0073947370820001135,0.019243345017265573,0.015067917957178285
1738333800,247.19000244140625,247.19000244140625,233.44000244140625,236.0,101075100,2025-01-31 14:30:00,-0.006692185539787565,0.019239262685368734,0.05826271186440678
1738593000,229.99000549316406,231.8300018310547,225.6999969482422,228.00999450683594,73063300,2025-02-03 14:30:00,-0.033855955479508704,0.019795526190178634,0.02688480781761835
1738679400,227.25,233.1300048828125,226.64999389648438,232.8000030517578,45067300,2025-02-04 14:30:00,0.021007888515072404,0.020522050959545016,0.027835098373634647
1738765800,228.52999877929688,232.6699981689453,228.27000427246094,232.47000122070312,39620300,2025-02-05 14:30:00,-0.0014175336199687694,0.020419721412210552,0.01892714704426355
1738852200,231.2899932861328,233.8000030517578,230.42999267578125,233.22000122070312,29925300,2025-02-06 14:30:00,0.00322622272147699,0.02034336688151709,0.014449920068336763
1738938600,232.60000610351562,234.0,227.25999450683594,227.6300048828125,39707200,2025-02-07 14:30:00,-0.023968769010513147,0.020915705007942292,0.02960947743525254
1739197800,229.57000732421875,230.58999633789062,227.1999969482422,227.64999389648438,33115600,2025-02-10 14:30:00,8.781361526644105e-05,0.020321584246263864,0.014891278192565723
1739284200,228.1999969482422,235.22999572753906,228.1300048828125,232.6199951171875,53718400,2025-02-11 14:30:00,0.021831765227118938,0.02087419944733246,0.030521842463068508
1739370600,231.1999969482422,236.9600067138672,230.67999267578125,236.8699951171875,45243300,2025-02-12 14:30:00,0.018270140526221557,0.021239620282837185,0.026512492791579637
1739457000,236.91000366210938,242.33999633789062,235.57000732421875,241.52999877929688,53614100,2025-02-13 14:30:00,0.01967325435120615,0.021239497237793357,0.02802959900586964
1739543400,241.25,245.5500030517578,240.99000549316406,244.60000610351562,40896200,2025-02-14 14:30:00,0.012710666748373622,0.018995244796229875,0.01864267148327029
1739889000,244.14999389648438,245.17999267578125,241.83999633789062,244.47000122070312,48822500,2025-02-18 14:30:00,-0.0005314999164697243,0.018993701222354106,0.013662192993877135
1739975400,244.66000366210938,246.00999450683594,243.16000366210938,244.8699951171875,32204200,2025-02-19 14:30:00,0.001636167605379324,0.017114784736741016,0.011638791610064932
1740061800,244.94000244140625,246.77999877929688,244.2899932861328,245.8300018310547,32316900,2025-02-20 14:30:00,0.003920475080696484,0.017115837920397003,0.010128973170961066
1740148200,245.9499969482422,248.69000244140625,245.22000122070312,245.5500030517578,53197400,2025-02-21 14:30:00,-0.001138993520771736,0.01712257846605962,0.014131546233260307
1740407400,244.92999267578125,248.86000061035156,244.4199981689453,247.10000610351562,51326400,2025-02-24 14:30:00,0.00631237235794746,0.016999745320000977,0.01796844326886109
1740493800,248.0,250.0,244.91000366210938,247.0399932861328,48013300,2025-02-25 14:30:00,-0.0002428685386501872,0.015846402874639266,0.020603936513207247
1740580200,244.3300018310547,244.97999572753906,239.1300048828125,240.36000061035156,44433600,2025-02-26 14:30:00,-0.027040126527384523,0.015284886985567089,0.024338454109966504
1740666600,239.41000366210938,242.4600067138672,237.05999755859375,237.3000030517578,41153600,2025-02-27 14:30:00,-0.012730893454915293,0.015532211744432254,0.02275604334524865
1740753000,236.9499969482422,242.08999633789062,230.1999969482422,241.83999633789062,56833400,2025-02-28 14:30:00,0.019131872009047424,0.016020899415009414,0.04916473523691314
1741012200,241.7899932861328,244.02999877929688,236.11000061035156,238.02999877929688,47184000,2025-03-03 14:30:00,-0.01575420780800274,0.01637442630713152,0.033273109312111505
1741098600,237.7100067138672,240.07000732421875,234.67999267578125,235.92999267578125,53798100,2025-03-04 14:30:00,-0.00882244302938795,0.014449064937884745,0.022845822132688928
1741185000,235.4199981689453,236.5500030517578,229.22999572753906,235.74000549316406,47227600,2025-03-05 14:30:00,-0.0008052693108767661,0.013728839567946908,0.031051188400990404
1741271400,234.44000244140625,237.86000061035156,233.16000366210938,235.3300018310547,45170400,2025-03-06 14:30:00,-0.0017392197020257294,0.013731660594845702,0.01997194115358208
1741357800,235.11000061035156,241.3699951171875,234.75999450683594,239.07000732421875,46273600,2025-03-07 14:30:00,0.015892599600832114,0.014140255083822186,0.02764880749506692
1741613400,235.5399932861328,236.16000366210938,224.22000122070312,227.47999572753906,72071200,2025-03-10 13:30:00,-0.04847957184759566,0.017183443337173695,0.05248814254290394
1741699800,223.80999755859375,225.83999633789062,217.4499969482422,220.83999633789062,76137400,2025-03-11 13:30:00,-0.029189377151217277,0.01839005235504663,0.03799130378906334
1741786200,220.13999938964844,221.75,214.91000366210938,216.97999572753906,62547500,2025-03-12 13:30:00,-0.017478720677234882,0.017874987074520246,0.03152362647513175
1741872600,215.9499969482422,216.83999633789062,208.4199981689453,209.67999267578125,61368300,2025-03-13 13:30:00,-0.03364366852013578,0.018338049780711574,0.04015642151402007
1741959000,211.25,213.9499969482422,209.5800018310547,213.49000549316406,60107600,2025-03-14 13:30:00,0.01817060735629683,0.018230453448803294,0.02046931942829252
1742218200,213.30999755859375,215.22000122070312,209.97000122070312,214.0,48073400,2025-03-17 13:30:00,0.00238884488132296,0.017814511411769613,0.02453271028037383
1742304600,214.16000366210938,215.14999389648438,211.49000549316406,212.69000244140625,42432400,2025-03-18 13:30:00,-0.006121483918662407,0.017759588890169507,0.017208088585774495
1742391000,214.22000122070312,218.75999450683594,213.75,215.24000549316406,54385400,2025-03-19 13:30:00,0.011989294383784266,0.018164295167734656,0.023276316572083774
1742477400,213.99000549316406,217.49000549316406,212.22000122070312,214.10000610351562,48862900,2025-03-20 13:30:00,-0.0052964103352275416,0.01800842349960929,0.024614685297640455
1742563800,211.55999755859375,218.83999633789062,211.27999877929688,218.27000427246094,94127800,2025-03-21 13:30:00,0.019476870855058115,0.01891260821289345,0.034635989419585095
1742823000,221.0,221.47999572753906,218.5800018310547,220.72999572753906,44299500,2025-03-24 13:30:00,0.011270405492856295,0.019109804156701396,0.013138195771380434
1742909400,220.77000427246094,224.10000610351562,220.0800018310547,223.75,34493600,2025-03-25 13:30:00,0.013681893403326706,0.019557958340535034,0.01796649954172486
1742995800,223.50999450683594,225.02000427246094,220.47000122070312,221.52999877929688,34466100,2025-03-26 13:30:00,-0.009921793165153625,0.018894689131987774,0.020538992808332168
1743082200,221.38999938964844,224.99000549316406,220.55999755859375,223.85000610351562,37094800,2025-03-27 13:30:00,0.010472655337889991,0.019035700156661124,0.01979007287818313
1743168600,221.6699981689453,223.80999755859375,217.67999267578125,217.89999389648438,39818600,2025-03-28 13:30:00,-0.026580353115021937,0.019015793413255055,0.028132193917015994
1743427800,217.00999450683594,225.6199951171875,216.22999572753906,222.1300048828125,65299300,2025-03-31 13:30:00,0.019412625538381745,0.0195886869266308,0.042272539428440795
1743514200,219.80999755859375,223.67999267578125,218.89999389648438,223.19000244140625,36412700,2025-04-01 13:30:00,0.0047719692760685994,0.01962157024788297,0.02141672443662328
1743600600,221.32000732421875,225.19000244140625,221.02000427246094,223.88999938964844,35905900,2025-04-02 13:30:00,0.003136327526256366,0.019660158450182923,0.018625209613262042
1743687000,205.5399932861328,207.49000549316406,201.25,203.19000244140625,103419000,2025-04-03 13:30:00,-0.09245610346452682,0.02813879044661894,0.030710199410344946
1743773400,193.88999938964844,199.8800048828125,187.33999633789062,188.3800048828125,125910900,2025-04-04 13:30:00,-0.07288743235713335,0.031187306689105042,0.06656761981040805
1744032600,177.1999969482422,194.14999389648438,174.6199951171875,181.4600067138672,160466300,2025-04-07 13:30:00,-0.036734249865053914,0.03055581964087791,0.10762701453049374
1744119000,186.6999969482422,190.33999633789062,169.2100067138672,172.4199981689453,120859500,2025-04-08 13:30:00,-0.049818186985832624,0.031542310219989135,0.12254952933777014
1744205400,171.9499969482422,200.61000061035156,171.88999938964844,198.85000610351562,184395900,2025-04-09 13:30:00,0.15328852926139658,0.048487752950120415,0.14443047693824215
1744291800,189.07000732421875,194.77999877929688,183.0,190.4199981689453,121880000,2025-04-10 13:30:00,-0.04239380274487847,0.04881461482792783,0.06186324384293592
1744378200,186.10000610351562,199.5399932861328,186.05999755859375,198.14999389648438,87435900,2025-04-11 13:30:00,0.0405944533235465,0.0495948508434975,0.06802925128819914
1744637400,211.44000244140625,212.94000244140625,201.16000366210938,202.52000427246094,101352900,2025-04-14 13:30:00,0.022054052538903912,0.04989272394783139,0.05816708735325038
1744723800,201.86000061035156,203.50999450683594,199.8000030517578,202.13999938964844,51343900,2025-04-15 13:30:00,-0.0018763819612667154,0.04988151828700356,0.018353574088652704
1744810200,198.36000061035156,200.6999969482422,192.3699951171875,194.27000427246094,59732400,2025-04-16 13:30:00,-0.038933388448355366,0.05045890269071207,0.04287847659369986
1744896600,197.1999969482422,198.8300018310547,194.4199981689453,196.97999572753906,51334300,2025-04-17 13:30:00,0.013949613401343264,0.0506148904612822,0.022388078778361086
1745242200,193.27000427246094,193.8000030517578,189.80999755859375,193.16000366210938,46742500,2025-04-21 13:30:00,-0.019392791899099593,0.050453428441307076,0.020656478657681603
1745328600,196.1199951171875,201.58999633789062,195.97000122070312,199.74000549316406,52976400,2025-04-22 13:30:00,0.03406503264808869,0.05109179430670647,0.028136552331174538
1745415000,206.0,208.0,202.8000030517578,204.60000610351562,52929200,2025-04-23 13:30:00,0.024331633507028716,0.05133824779279387,0.025415429096376924
1745501400,204.88999938964844,208.8300018310547,202.94000244140625,208.3699951171875,47311000,2025-04-24 13:30:00,0.018426143212158408,0.05153518293219997,0.028267022736819164
1745587800,206.3699951171875,209.75,206.1999969482422,209.27999877929688,38222300,2025-04-25 13:30:00,0.0043672490446504675,0.05147653109197572,0.01696293517041533
1745847000,210.0,211.5,207.4600067138672,210.13999938964844,38743100,2025-04-28 13:30:00,0.0041093301575299,0.051165921437261924,0.01922524649218127
1745933400,208.69000244140625,212.24000549316406,208.3699951171875,211.2100067138672,36827600,2025-04-29 13:30:00,0.005091878401668248,0.050970960701688994,0.01832304461416635
1746019800,209.3000030517578,213.5800018310547,206.6699981689453,212.5,52286500,2025-04-30 13:30:00,0.006107633374967891,0.05098023031254518,0.03251766429227941
1746106200,209.0800018310547,214.55999755859375,208.89999389648438,213.32000732421875,57365700,2025-05-01 13:30:00,0.0038588579963234615,0.05098375700872461,0.02653292456298721
1746192600,206.08999633789062,206.99000549316406,202.16000366210938,205.35000610351562,101010600,2025-05-02 13:30:00,-0.0373617145464924,0.04713760128913979,0.023520826333065285
1746451800,203.10000610351562,204.10000610351562,198.2100067138672,198.88999938964844,69018500,2025-05-05 13:30:00,-0.03145851727226512,0.04453299479600611,0.02961435671840518
1746538200,198.2100067138672,200.64999389648438,197.02000427246094,198.50999450683594,51216500,2025-05-06 13:30:00,-0.0019106284075551816,0.043542167715666845,0.018286180668341284
1746624600,199.1699981689453,199.44000244140625,193.25,196.25,68536700,2025-05-07 13:30:00,-0.011384789528862349,0.04179194997502526,0.031541413714171976
1746711000,197.72000122070312,200.0500030517578,194.67999267578125,197.49000549316406,50478900,2025-05-08 13:30:00,0.006318499328224592,0.023826351310890365,0.027191301972810167
1746797400,199.0,200.5399932861328,197.5399932861328,198.52999877929688,36453900,2025-05-09 13:30:00,0.0052660552797889615,0.021655169316499693,0.015111066430494766
1747056600,210.97000122070312,211.27000427246094,206.75,210.7899932861328,63775800,2025-05-12 13:30:00,0.06175386381009962,0.024012520126466135,0.021443163415852215
1747143000,210.42999267578125,213.39999389648438,209.0,212.92999267578125,51909300,2025-05-13 13:30:00,0.010152281691776288,0.023670125951975214,0.020664040049933427
1747229400,212.42999267578125,213.94000244140625,210.5800018310547,212.3300018310547,49325800,2025-05-14 13:30:00,-0.0028177845553216674,0.02368079397901095,0.015824426983356902
1747315800,210.9499969482422,212.9600067138672,209.5399932861328,211.4499969482422,45029500,2025-05-15 13:30:00,-0.004144515024837148,0.021650260604555327,0.016174100151779672
1747402200,212.36000061035156,212.57000732421875,209.77000427246094,211.25999450683594,54737900,2025-05-16 13:30:00,-0.0008985691376138805,0.021562356376877423,0.013253825260642095
1747661400,207.91000366210938,209.47999572753906,204.25999450683594,208.77999877929688,46140500,2025-05-19 13:30:00,-0.011739069355408915,0.021195283937615533,0.02500240085843296
1747747800,207.6699981689453,208.47000122070312,205.02999877929688,206.86000061035156,42496600,2025-05-20 13:30:00,-0.009196274452396014,0.02015916492177577,0.01662961631662157
1747834200,205.1699981689453,207.0399932861328,200.7100067138672,202.08999633789062,59211800,2025-05-21 13:30:00,-0.02305909435553888,0.02017432087735496,0.03132261213801998
1747920600,200.7100067138672,202.75,199.6999969482422,201.36000061035156,46742400,2025-05-22 13:30:00,-0.003612230891026025,0.019686393033863814,0.015147015507115653
1748007000,193.6699981689453,197.6999969482422,193.4600067138672,195.27000427246094,78432900,2025-05-23 13:30:00,-0.03024432021966106,0.02063914384207291,0.021713474377042193
1748352600,198.3000030517578,200.74000549316406,197.42999267578125,200.2100067138672,56288500,2025-05-27 13:30:00,0.025298316860348224,0.02156052341854766,0.016532704192520016
1748439000,200.58999633789062,202.72999572753906,199.89999389648438,200.4199981689453,45339700,2025-05-28 13:30:00,0.0010488559414427723,0.021507454694702288,0.014120356535823933
1748525400,203.5800018310547,203.80999755859375,198.50999450683594,199.9499969482422,51396800,2025-05-29 13:30:00,-0.0023450814539321962,0.021414300128582937,0.026506642323829283
1748611800,199.3699951171875,201.9600067138672,196.77999877929688,200.85000610351562,70819900,2025-05-30 13:30:00,0.0045011711378339925,0.021425328587798,0.025790429560159436
1748871000,200.27999877929688,202.1300048828125,200.1199951171875,201.6999969482422,35423300,2025-06-02 13:30:00,0.0042319682295079986,0.019854194561768092,0.009965343559924716
1748957400,201.35000610351562,203.77000427246094,200.9600067138672,203.27000427246094,46381600,2025-06-03 13:30:00,0.0077838738124602624,0.01855209526643634,0.013823965659130204
1749043800,202.91000366210938,206.24000549316406,202.10000610351562,202.82000732421875,43604000,2025-06-04 13:30:00,-0.00221378923984783,0.018554937322827602,0.020412184400676135
1749130200,203.5,204.75,200.14999389648438,200.6300048828125,55126100,2025-06-05 13:30:00,-0.010797763348392997,0.018534376872795112,0.022927807364618653
1749216600,203.0,205.6999969482422,202.0500030517578,203.9199981689453,46607700,2025-06-06 13:30:00,0.0163983113495636,0.018813981693565733,0.017899146377298406
1749475800,204.38999938964844,206.0,200.02000427246094,201.4499969482422,72862600,2025-06-09 13:30:00,-0.012112599268742419,0.01904385076205887,0.029684764547678207
1749562200,200.60000610351562,204.35000610351562,200.57000732421875,202.6699981689453,54672600,2025-06-10 13:30:00,0.0060560994747325125,0.012688386782051864,0.018651003174855095
1749648600,203.5,204.5,198.41000366210938,198.77999877929688,60989900,2025-06-11 13:30:00,-0.019193760422328232,0.01291778777783309,0.030636866763704317
1749735000,199.0800018310547,199.67999267578125,197.36000061035156,199.1999969482422,43904600,2025-06-12 13:30:00,0.002112879422097258,0.012975457691426124,0.011646546691627145
1749821400,199.72999572753906,200.3699951171875,195.6999969482422,196.4499969482422,51447300,2025-06-13 13:30:00,-0.013805221095031128,0.013194118504266909,0.023771943199244215
1750080600,197.3000030517578,198.69000244140625,196.55999755859375,198.4199981689453,42886800,2025-06-16 13:30:00,0.010028003315378786,0.01353325775003949,0.010734829666709808
1750188464,197.1999969482422,198.38890075683594,195.2100067138672,195.77999877929688,26775226,2025-06-17 19:27:44,-0.013305107418661533,0.013590629293093404,0.016237072544638857
